[
    {
      "id": 1,
      "Model": "Argentina Home World Cup Jersey 2022 ",
      "color": "sky blue",
      "Price": 17000,
      "img": "https://i.ibb.co/7KjvT0S/jusr-1c9c.jpg"
    },
    {
      "id": 2,
      "Model": "Argentina Home World Cup Jersey 2022 official ",
      "color": "sky blue",
      "Price": 22000,
      "img": "https://i.ibb.co/tQpCZ2y/jusrcy-2.jpg"
    },
    {
      "id": 3,
      "Model": "Argentina 2022 World Cup Away Kit Released ",
      "color": "blue",
      "Price": 11000,
      "img": "https://i.ibb.co/SfJcJBQ/111.jpg"
    },
    {
      "id": 4,
      "Model": "mx pro",
      "color": "black",
      "Price": 50450,
      "img": "https://i.ibb.co/5jzHv30/1-apple-wacth-1.jpg"
    },
    {
      "id": 5,
      "Model": "apple 30 pro",
      "color": "black",
      "Price": 90450,
      "img": "https://i.ibb.co/9328Stv/2-apple-wacth-2.jpg"
    },
    {
      "id": 6,
      "Model": "apple 54E pro",
      "color": "black",
      "Price": 30450,
      "img": "https://i.ibb.co/tCr6v0R/3-applle-smart-wacth-3.jpg"
    },
    {
      "id": 7,
      "Model": "Rolex pro",
      "color": "black",
      "Price": 30450,
      "img": "https://i.ibb.co/ZHqmSjb/4-wacth1.jpg"
    },
    {
      "id": 8,
      "Model": "Sammsi pro",
      "color": "red",
      "Price": 30450,
      "img": "https://i.ibb.co/K0w9Z49/5-wacth-2.jpg"
    },
    {
      "id": 9,
      "Model": "Amsd  pro",
      "color": "red",
      "Price": 30450,
      "img": "https://i.ibb.co/D7wZWbs/6-wacth-3.jpg"
    },
    {
      "id": 10,
      "Model": "Amsd  pro",
      "color": "red",
      "Price": 30450,
      "img": "https://i.ibb.co/DMMnbnm/7-spekar-1.jpg"
    },
    {
      "id": 11,
      "Model": "Amsd  pro",
      "color": "red",
      "Price": 30450,
      "img": "https://i.ibb.co/W5QP0KQ/8sepekar-2.jpg"
    },
    {
      "id": 12,
      "Model": "Amsd  pro",
      "color": "red",
      "Price": 30450,
      "img": "https://i.ibb.co/vQThHsF/9-spekar-3.png"
    }
  ]